-- phpMyAdmin SQL Dump
-- version 5.0.2
-- https://www.phpmyadmin.net/
--
-- Host: 127.0.0.1
-- Generation Time: Jan 18, 2022 at 12:16 PM
-- Server version: 10.4.13-MariaDB
-- PHP Version: 7.4.7

SET SQL_MODE = "NO_AUTO_VALUE_ON_ZERO";
START TRANSACTION;
SET time_zone = "+00:00";


/*!40101 SET @OLD_CHARACTER_SET_CLIENT=@@CHARACTER_SET_CLIENT */;
/*!40101 SET @OLD_CHARACTER_SET_RESULTS=@@CHARACTER_SET_RESULTS */;
/*!40101 SET @OLD_COLLATION_CONNECTION=@@COLLATION_CONNECTION */;
/*!40101 SET NAMES utf8mb4 */;

--
-- Database: `cc_ios_sticker`
--

-- --------------------------------------------------------

--
-- Table structure for table `tbl_admin`
--

CREATE TABLE `tbl_admin` (
  `id` int(11) NOT NULL,
  `admin_email` text NOT NULL,
  `admin_password` text NOT NULL,
  `admin_name` text NOT NULL,
  `created_date` datetime NOT NULL,
  `updated_date` timestamp NOT NULL DEFAULT current_timestamp() ON UPDATE current_timestamp()
) ENGINE=InnoDB DEFAULT CHARSET=latin1;

--
-- Dumping data for table `tbl_admin`
--

INSERT INTO `tbl_admin` (`id`, `admin_email`, `admin_password`, `admin_name`, `created_date`, `updated_date`) VALUES
(1, 'admin@gmail.com', '21232f297a57a5a743894a0e4a801fc3', 'Admin', '2018-11-29 05:37:19', '2022-01-18 04:25:30');

-- --------------------------------------------------------

--
-- Table structure for table `tbl_category`
--

CREATE TABLE `tbl_category` (
  `id` int(11) NOT NULL,
  `category_name` text NOT NULL,
  `category_image` text NOT NULL,
  `is_active` varchar(10) NOT NULL DEFAULT 'YES' COMMENT 'YES || NO',
  `created_date` datetime NOT NULL,
  `updated_date` timestamp NOT NULL DEFAULT current_timestamp() ON UPDATE current_timestamp()
) ENGINE=InnoDB DEFAULT CHARSET=latin1;

--
-- Dumping data for table `tbl_category`
--

INSERT INTO `tbl_category` (`id`, `category_name`, `category_image`, `is_active`, `created_date`, `updated_date`) VALUES
(1, 'Lots of Love', '01LotsofLove_959056092_20190130120519.png', 'YES', '2019-01-30 12:05:19', '2019-01-30 06:35:19'),
(2, 'Kind Of Animals', '02KindOfAnimals_840459091_20190130120530.png', 'YES', '2019-01-30 12:05:30', '2019-01-30 06:35:30'),
(3, 'Cars & Bike World', '03Cars&BikeWorld_1347101778_20190130120540.png', 'YES', '2019-01-30 12:05:40', '2019-01-30 06:35:40'),
(4, 'Emoji World', '04EmojiWorld_748504363_20190130120551.png', 'YES', '2019-01-30 12:05:51', '2019-01-30 06:35:51'),
(5, 'Funny & Stupid World', '05Funny&StupidWorld_1072900787_20190130120601.png', 'YES', '2019-01-30 12:06:01', '2019-01-30 06:36:01'),
(6, 'Animal', '06Animal_238574883_20190130120612.png', 'YES', '2021-12-20 03:35:29', '2022-01-18 04:30:24'),
(7, 'Festival', '07Festival_112862010_20190130120621.png', 'YES', '2021-12-20 03:57:26', '2021-12-20 10:27:26'),
(8, 'Wishes & Celebration', '08Wishes&Celebration_210671280_20190130120629.png', 'YES', '2019-01-30 12:06:29', '2019-01-30 06:36:29'),
(9, 'Entertainment', '09Entertainment_1916308945_20190302014754.png', 'YES', '2019-01-31 05:57:53', '2022-01-18 04:30:24'),
(10, 'Food Fanzy', '10FoodFanzy_1345981832_20190131180118.png', 'YES', '2019-01-31 06:01:18', '2019-01-31 12:31:18'),
(11, 'Cartoon', '11Cartoon_786779971_20190228233957.png', 'YES', '2019-02-28 03:28:30', '2022-01-18 04:30:24'),
(12, 'Politics', '12Politics_1298377085_20190228234434.png', 'YES', '2019-02-28 11:44:34', '2022-01-18 04:30:24'),
(13, 'Sport', '13Sport_1914909259_20190302001036.png', 'YES', '2019-03-02 12:10:36', '2022-01-18 04:30:24'),
(14, 'Chatting', '96_1775509379_20201019155832.png', 'YES', '2020-10-19 03:57:44', '2020-10-19 10:28:32'),
(15, 'Talking', '96_1782236734_20201019155804.png', 'YES', '2020-10-19 03:58:04', '2020-10-19 10:28:04'),
(16, 'Birthday', '3_happy_bitrhday_542340402_20210306110719.png', 'YES', '2021-03-06 11:07:19', '2021-03-06 05:37:19'),
(17, 'Brefy Girl', '24_1039657756_20211012151309.png', 'YES', '2021-10-12 03:13:09', '2021-10-12 09:43:09'),
(18, 'Boogy Guy', '11_1914837629_20211012153151.png', 'YES', '2021-10-12 03:31:51', '2021-10-12 10:01:51'),
(19, 'Punjabi', '15_189511513_20211012153426.png', 'YES', '2021-10-12 03:34:26', '2021-10-12 10:04:26'),
(20, 'Lobi Lop', 'tray-icon_2097897841_20211012154525.png', 'YES', '2021-10-12 03:45:25', '2021-10-12 10:15:25'),
(21, 'Boblie Tom', 'sub-cat-icon_1850001512_20211012182106.png', 'YES', '2021-10-12 06:21:06', '2021-10-12 12:51:06'),
(22, 'Love Mated', 'sub-cat-icon_1372521891_20211013111528.png', 'YES', '2021-10-13 11:15:28', '2021-10-13 05:45:28'),
(23, 'Happy New Year', 'happy-new-year_298560690_20211230174910.png', 'YES', '2021-12-30 05:49:10', '2021-12-30 12:19:10');

-- --------------------------------------------------------

--
-- Table structure for table `tbl_slider`
--

CREATE TABLE `tbl_slider` (
  `id` int(11) NOT NULL,
  `category_id` int(11) NOT NULL,
  `slider_name` text NOT NULL,
  `slider_image` text NOT NULL,
  `is_active` varchar(10) NOT NULL DEFAULT 'YES' COMMENT 'YES || NO',
  `created_date` datetime NOT NULL,
  `updated_date` timestamp NOT NULL DEFAULT current_timestamp() ON UPDATE current_timestamp()
) ENGINE=InnoDB DEFAULT CHARSET=latin1;

--
-- Dumping data for table `tbl_slider`
--

INSERT INTO `tbl_slider` (`id`, `category_id`, `slider_name`, `slider_image`, `is_active`, `created_date`, `updated_date`) VALUES
(1, 9, 'Bollywood', 'Bollywood_Slider_999693368_20190131175825.png', 'YES', '2019-01-31 05:58:25', '2019-01-31 12:28:25'),
(2, 8, 'Wishes & Celebration', 'celebration_wish_783490634_20190131175906.jpg', 'YES', '2019-01-31 05:59:06', '2019-01-31 12:29:06'),
(3, 10, 'Food Fanzy', 'Food_Fanzy_1877584279_20190131180150.jpg', 'YES', '2019-01-31 06:01:50', '2019-01-31 12:31:50'),
(4, 1, 'Lots of Love', 'Love_Slider_839981326_20190131180340.png', 'YES', '2019-01-31 06:03:40', '2019-01-31 12:33:40'),
(5, 7, '2020', 'slideimage_285978596_20191230154855.png', 'YES', '2019-12-30 03:48:55', '2019-12-30 10:18:55'),
(6, 8, 'Republic Day', 'republic-banner_813692411_20200125161451.png', 'YES', '2020-01-25 04:14:51', '2020-01-25 10:44:51');

-- --------------------------------------------------------

--
-- Table structure for table `tbl_sticker_animated`
--

CREATE TABLE `tbl_sticker_animated` (
  `id` int(11) NOT NULL,
  `category_id` int(11) NOT NULL,
  `sub_cate_id` int(11) NOT NULL,
  `sticker_image` text NOT NULL,
  `created_date` datetime NOT NULL,
  `updated_date` timestamp NOT NULL DEFAULT current_timestamp() ON UPDATE current_timestamp()
) ENGINE=InnoDB DEFAULT CHARSET=latin1;

--
-- Dumping data for table `tbl_sticker_animated`
--

INSERT INTO `tbl_sticker_animated` (`id`, `category_id`, `sub_cate_id`, `sticker_image`, `created_date`, `updated_date`) VALUES
(1, 7, 158, '0139269125320211012182446_772421112_20220103171445.webp', '2022-01-03 05:14:45', '2022-01-03 11:44:45'),
(2, 7, 158, '0153586935820211012185259_651217233_20220103171445.webp', '2022-01-03 05:14:45', '2022-01-03 11:44:45'),
(3, 7, 158, '0154616093520211012182408_1625318675_20220103171445.webp', '2022-01-03 05:14:45', '2022-01-03 11:44:45'),
(4, 7, 158, '01106329075320211218164638_55130948_20220103171445.webp', '2022-01-03 05:14:45', '2022-01-03 11:44:45'),
(5, 7, 158, '01108511775820211012183903_1297193492_20220103171445.webp', '2022-01-03 05:14:45', '2022-01-03 11:44:45'),
(6, 7, 158, '01135124947120211012185016_1173736064_20220103171445.webp', '2022-01-03 05:14:45', '2022-01-03 11:44:45'),
(7, 7, 158, '01SendingLove10840227120211013114917_1756233425_20220103171445.webp', '2022-01-03 05:14:45', '2022-01-03 11:44:45'),
(8, 7, 158, '113520625620211013113629_51514067_20220103171445.webp', '2022-01-03 05:14:45', '2022-01-03 11:44:45'),
(9, 21, 132, '124296543020211230181437_1759639149_20220103171502.webp', '2022-01-03 05:15:02', '2022-01-03 11:45:02'),
(10, 21, 132, '124910382620211013112926_1896229802_20220103171502.webp', '2022-01-03 05:15:02', '2022-01-03 11:45:02'),
(11, 21, 132, '130640672920211230181512_145598783_20220103171502.webp', '2022-01-03 05:15:02', '2022-01-03 11:45:02'),
(12, 21, 132, '135797097020211230181543_895092885_20220103171502.webp', '2022-01-03 05:15:02', '2022-01-03 11:45:02'),
(13, 21, 132, '158168794320211230181601_734451635_20220103171502.webp', '2022-01-03 05:15:02', '2022-01-03 11:45:02'),
(14, 21, 132, '166458157020211230181309_1101483260_20220103171502.webp', '2022-01-03 05:15:02', '2022-01-03 11:45:02'),
(15, 21, 132, '172530583520211013114245_972902415_20220103171502.webp', '2022-01-03 05:15:02', '2022-01-03 11:45:02'),
(16, 21, 132, '188360850620211013113353_967655499_20220103171502.webp', '2022-01-03 05:15:02', '2022-01-03 11:45:03'),
(17, 22, 137, '198702793620211013113220_1477678079_20220103171523.webp', '2022-01-03 05:15:23', '2022-01-03 11:45:23'),
(18, 22, 137, '1110546473820211013112708_1959116814_20220103171523.webp', '2022-01-03 05:15:23', '2022-01-03 11:45:23'),
(19, 22, 137, '1114007906720211013114630_1392303194_20220103171523.webp', '2022-01-03 05:15:23', '2022-01-03 11:45:23'),
(20, 22, 137, '1122846795820211230181352_1786271253_20220103171523.webp', '2022-01-03 05:15:23', '2022-01-03 11:45:23'),
(21, 22, 137, '1145427880820211013114754_160182722_20220103171523.webp', '2022-01-03 05:15:23', '2022-01-03 11:45:23'),
(22, 22, 137, '1147078876420211013112826_337051756_20220103171523.webp', '2022-01-03 05:15:23', '2022-01-03 11:45:23'),
(23, 22, 137, '1159900736420211013114450_767020893_20220103171523.webp', '2022-01-03 05:15:23', '2022-01-03 11:45:23'),
(24, 22, 137, '1193243806320211013113114_614857930_20220103171523.webp', '2022-01-03 05:15:23', '2022-01-03 11:45:23'),
(25, 20, 148, '021034414320211012183903_871519228_20220103171541.webp', '2022-01-03 05:15:41', '2022-01-03 11:45:41'),
(26, 20, 148, '024458408520211012185016_1411649585_20220103171541.webp', '2022-01-03 05:15:41', '2022-01-03 11:45:41'),
(27, 20, 148, '0298898657720211218164638_1403035351_20220103171541.webp', '2022-01-03 05:15:41', '2022-01-03 11:45:41'),
(28, 20, 148, '02105478138020211012182446_518971900_20220103171541.webp', '2022-01-03 05:15:41', '2022-01-03 11:45:41'),
(29, 20, 148, '02160869655220211012182408_1772978491_20220103171541.webp', '2022-01-03 05:15:41', '2022-01-03 11:45:41'),
(30, 20, 148, '02177981253120211012185259_80320718_20220103171541.webp', '2022-01-03 05:15:41', '2022-01-03 11:45:41'),
(31, 20, 148, '02WellDoThisTogether208825155520211013114917_333840311_20220103171541.webp', '2022-01-03 05:15:41', '2022-01-03 11:45:41'),
(32, 20, 148, '27802468820211013113114_409786019_20220103171541.webp', '2022-01-03 05:15:41', '2022-01-03 11:45:41'),
(33, 22, 137, '2137242321920211230181352_588279113_20220103171552.webp', '2022-01-03 05:15:52', '2022-01-03 11:45:52'),
(34, 22, 137, '218531382520211230181543_2105816726_20220103171552.webp', '2022-01-03 05:15:52', '2022-01-03 11:45:52'),
(35, 22, 137, '229445094820211013112826_390663125_20220103171552.webp', '2022-01-03 05:15:52', '2022-01-03 11:45:52'),
(36, 22, 137, '240137307320211013113353_41777784_20220103171552.webp', '2022-01-03 05:15:52', '2022-01-03 11:45:52'),
(37, 22, 137, '261724720120211230181309_917169061_20220103171552.webp', '2022-01-03 05:15:52', '2022-01-03 11:45:52'),
(38, 22, 137, '282585267920211013114245_657017837_20220103171552.webp', '2022-01-03 05:15:52', '2022-01-03 11:45:52'),
(39, 22, 137, '2123664972420211013114630_1717114124_20220103171552.webp', '2022-01-03 05:15:52', '2022-01-03 11:45:53'),
(40, 22, 137, '2135152763420211013112926_1303348757_20220103171552.webp', '2022-01-03 05:15:52', '2022-01-03 11:45:53'),
(41, 15, 108, '2151369392920211013113629_1931123230_20220103171607.webp', '2022-01-03 05:16:07', '2022-01-03 11:46:07'),
(42, 15, 108, '2179588593120211230181601_2128967501_20220103171607.webp', '2022-01-03 05:16:07', '2022-01-03 11:46:07'),
(43, 15, 108, '2184342727220211013112708_2140553814_20220103171607.webp', '2022-01-03 05:16:07', '2022-01-03 11:46:07'),
(44, 15, 108, '2186268391220211013114754_103682104_20220103171607.webp', '2022-01-03 05:16:07', '2022-01-03 11:46:07'),
(45, 15, 108, '2186672638920211013114450_1683545468_20220103171607.webp', '2022-01-03 05:16:07', '2022-01-03 11:46:07'),
(46, 15, 108, '2201441048920211013113220_1413462016_20220103171607.webp', '2022-01-03 05:16:07', '2022-01-03 11:46:07'),
(47, 15, 108, '2207295610520211230181512_149003767_20220103171607.webp', '2022-01-03 05:16:07', '2022-01-03 11:46:07'),
(48, 15, 108, '2213829048220211230181437_1012441013_20220103171607.webp', '2022-01-03 05:16:07', '2022-01-03 11:46:07'),
(49, 7, 159, '034069612420211012185259_1987617311_20220103171630.webp', '2022-01-03 05:16:30', '2022-01-03 11:46:30'),
(50, 7, 159, '0358087636920211012183903_189071497_20220103171630.webp', '2022-01-03 05:16:30', '2022-01-03 11:46:30'),
(51, 7, 159, '0377584582820211012182446_1202818027_20220103171630.webp', '2022-01-03 05:16:30', '2022-01-03 11:46:30'),
(52, 7, 159, '0381674929820211218164638_507966833_20220103171630.webp', '2022-01-03 05:16:30', '2022-01-03 11:46:30'),
(53, 7, 159, '372240552420211013113114_935080803_20220103171630.webp', '2022-01-03 05:16:30', '2022-01-03 11:46:30'),
(54, 7, 159, '372399917220211013113220_1806675511_20220103171630.webp', '2022-01-03 05:16:30', '2022-01-03 11:46:30'),
(55, 7, 159, '377201384820211230181437_604931851_20220103171630.webp', '2022-01-03 05:16:30', '2022-01-03 11:46:30'),
(56, 7, 159, '3112102212420211013112926_2024347166_20220103171630.webp', '2022-01-03 05:16:30', '2022-01-03 11:46:31'),
(57, 7, 159, '3125968339820211230181352_1211771517_20220103171630.webp', '2022-01-03 05:16:30', '2022-01-03 11:46:31');

-- --------------------------------------------------------

--
-- Table structure for table `tbl_sticker_webp`
--

CREATE TABLE `tbl_sticker_webp` (
  `id` int(11) NOT NULL,
  `category_id` int(11) NOT NULL,
  `sub_cate_id` int(11) NOT NULL,
  `sticker_image` text NOT NULL,
  `created_date` datetime NOT NULL,
  `updated_date` timestamp NOT NULL DEFAULT current_timestamp() ON UPDATE current_timestamp()
) ENGINE=InnoDB DEFAULT CHARSET=latin1;

--
-- Dumping data for table `tbl_sticker_webp`
--

INSERT INTO `tbl_sticker_webp` (`id`, `category_id`, `sub_cate_id`, `sticker_image`, `created_date`, `updated_date`) VALUES
(1, 18, 116, '0185299059220211217122601_459837504_20220103171714.webp', '2022-01-03 05:17:14', '2022-01-03 11:47:14'),
(2, 18, 116, '0190411091420211218145655_2058332076_20220103171714.webp', '2022-01-03 05:17:14', '2022-01-03 11:47:14'),
(3, 18, 116, '01204708754320211218145835_1681510571_20220103171714.webp', '2022-01-03 05:17:14', '2022-01-03 11:47:14'),
(4, 18, 116, '186616513320211218150028_374811154_20220103171714.webp', '2022-01-03 05:17:14', '2022-01-03 11:47:14'),
(5, 18, 116, '0252174936620211217122601_1550143110_20220103171714.webp', '2022-01-03 05:17:14', '2022-01-03 11:47:14'),
(6, 18, 116, '0287478566820211218145835_1988111509_20220103171714.webp', '2022-01-03 05:17:14', '2022-01-03 11:47:14'),
(7, 18, 116, '02136026229620211218145655_202083551_20220103171714.webp', '2022-01-03 05:17:14', '2022-01-03 11:47:14'),
(8, 18, 116, '257004032020211218150028_1802338945_20220103171714.webp', '2022-01-03 05:17:14', '2022-01-03 11:47:14'),
(9, 7, 27, '0464907782020211217122601_943056261_20220103171728.webp', '2022-01-03 05:17:28', '2022-01-03 11:47:28'),
(10, 7, 27, '2128712930220211218103405_1824059717_20220103171728.webp', '2022-01-03 05:17:28', '2022-01-03 11:47:28'),
(11, 7, 27, '0388155906920211217122601_1167439875_20220103171728.webp', '2022-01-03 05:17:28', '2022-01-03 11:47:28'),
(12, 7, 27, '03122295191320211218145835_240336528_20220103171728.webp', '2022-01-03 05:17:28', '2022-01-03 11:47:28'),
(13, 7, 27, '03150875009220211218145655_1935449051_20220103171728.webp', '2022-01-03 05:17:28', '2022-01-03 11:47:28'),
(14, 7, 27, '388171973320211218103405_1318953476_20220103171728.webp', '2022-01-03 05:17:28', '2022-01-03 11:47:28'),
(15, 7, 27, '3211104539820211218150028_951295059_20220103171728.webp', '2022-01-03 05:17:28', '2022-01-03 11:47:28'),
(16, 7, 27, '0448064182820211218145835_1121633727_20220103171728.webp', '2022-01-03 05:17:28', '2022-01-03 11:47:28'),
(17, 7, 150, '5101118217520211218103405_1511881558_20220103171737.webp', '2022-01-03 05:17:37', '2022-01-03 11:47:37'),
(18, 7, 150, '5125065117720211218150028_410274740_20220103171737.webp', '2022-01-03 05:17:37', '2022-01-03 11:47:37'),
(19, 7, 150, '04183817395420211218145655_867594621_20220103171737.webp', '2022-01-03 05:17:37', '2022-01-03 11:47:37'),
(20, 7, 150, '410503441120211218103405_1882017123_20220103171737.webp', '2022-01-03 05:17:37', '2022-01-03 11:47:37'),
(21, 7, 150, '4190275741620211218150028_1160258835_20220103171737.webp', '2022-01-03 05:17:37', '2022-01-03 11:47:37'),
(22, 7, 150, '05137341314520211218145655_1388361883_20220103171737.webp', '2022-01-03 05:17:37', '2022-01-03 11:47:37'),
(23, 7, 150, '05179410178320211217122601_1974512855_20220103171737.webp', '2022-01-03 05:17:37', '2022-01-03 11:47:37'),
(24, 7, 150, '05211770374820211218145835_595218661_20220103171737.webp', '2022-01-03 05:17:37', '2022-01-03 11:47:37'),
(25, 7, 153, '7123583804120211218150028_524579275_20220103171752.webp', '2022-01-03 05:17:52', '2022-01-03 11:47:52'),
(26, 7, 153, '0640604931820211217122601_1574328160_20220103171752.webp', '2022-01-03 05:17:52', '2022-01-03 11:47:52'),
(27, 7, 153, '0671712133820211218145835_1076349546_20220103171752.webp', '2022-01-03 05:17:52', '2022-01-03 11:47:52'),
(28, 7, 153, '659927073020211218150028_1463728811_20220103171752.webp', '2022-01-03 05:17:52', '2022-01-03 11:47:52'),
(29, 7, 153, '6185508517620211218103405_81976524_20220103171752.webp', '2022-01-03 05:17:52', '2022-01-03 11:47:52'),
(30, 7, 153, '0730545234320211218145835_1349933621_20220103171752.webp', '2022-01-03 05:17:52', '2022-01-03 11:47:52'),
(31, 7, 153, '0772194519320211217122601_1440428189_20220103171752.webp', '2022-01-03 05:17:52', '2022-01-03 11:47:52'),
(32, 7, 153, '07163271129020211218145655_51004935_20220103171752.webp', '2022-01-03 05:17:52', '2022-01-03 11:47:52'),
(33, 8, 60, '0640604931820211217122601_1121448909_20220103171805.webp', '2022-01-03 05:18:05', '2022-01-03 11:48:05'),
(34, 8, 60, '0671712133820211218145835_467097615_20220103171805.webp', '2022-01-03 05:18:05', '2022-01-03 11:48:05'),
(35, 8, 60, '659927073020211218150028_1951471708_20220103171805.webp', '2022-01-03 05:18:05', '2022-01-03 11:48:05'),
(36, 8, 60, '6185508517620211218103405_446774167_20220103171805.webp', '2022-01-03 05:18:05', '2022-01-03 11:48:05'),
(37, 8, 60, '0730545234320211218145835_883420567_20220103171805.webp', '2022-01-03 05:18:05', '2022-01-03 11:48:05'),
(38, 8, 60, '0772194519320211217122601_167160016_20220103171805.webp', '2022-01-03 05:18:05', '2022-01-03 11:48:05'),
(39, 8, 60, '07163271129020211218145655_222578850_20220103171805.webp', '2022-01-03 05:18:05', '2022-01-03 11:48:05'),
(40, 8, 60, '7123583804120211218150028_330716607_20220103171805.webp', '2022-01-03 05:18:05', '2022-01-03 11:48:05'),
(41, 5, 29, '09154783019420211217122601_1479697090_20220103171824.webp', '2022-01-03 05:18:24', '2022-01-03 11:48:24'),
(42, 5, 29, '7179520323320211218103405_1145211141_20220103171824.webp', '2022-01-03 05:18:24', '2022-01-03 11:48:24'),
(43, 5, 29, '0864985145820211217122601_1714810755_20220103171824.webp', '2022-01-03 05:18:24', '2022-01-03 11:48:24'),
(44, 5, 29, '08121393488120211218145655_1725290310_20220103171824.webp', '2022-01-03 05:18:24', '2022-01-03 11:48:24'),
(45, 5, 29, '08206934842320211218145835_2098414292_20220103171824.webp', '2022-01-03 05:18:24', '2022-01-03 11:48:24'),
(46, 5, 29, '8167884739320211218103405_526906636_20220103171824.webp', '2022-01-03 05:18:24', '2022-01-03 11:48:24'),
(47, 5, 29, '8202332174020211218150028_189175181_20220103171824.webp', '2022-01-03 05:18:24', '2022-01-03 11:48:24'),
(48, 5, 29, '0993169822020211218145655_621314066_20220103171824.webp', '2022-01-03 05:18:24', '2022-01-03 11:48:24'),
(49, 2, 39, '1124738709720211218145655_1451575372_20220103171833.webp', '2022-01-03 05:18:33', '2022-01-03 11:48:33'),
(50, 2, 39, '09194244859620211218145835_1443157421_20220103171833.webp', '2022-01-03 05:18:33', '2022-01-03 11:48:33'),
(51, 2, 39, '9112217610420211218103405_1647957999_20220103171833.webp', '2022-01-03 05:18:33', '2022-01-03 11:48:33'),
(52, 2, 39, '9135156004220211218150028_232570297_20220103171833.webp', '2022-01-03 05:18:33', '2022-01-03 11:48:34'),
(53, 2, 39, '1053284752420211218145835_529564223_20220103171833.webp', '2022-01-03 05:18:33', '2022-01-03 11:48:34'),
(54, 2, 39, '1063230741720211217122601_276018649_20220103171833.webp', '2022-01-03 05:18:33', '2022-01-03 11:48:34'),
(55, 2, 39, '10108040723620211218103405_1506040840_20220103171833.webp', '2022-01-03 05:18:33', '2022-01-03 11:48:34'),
(56, 2, 39, '10152367206420211218150028_1981141340_20220103171833.webp', '2022-01-03 05:18:33', '2022-01-03 11:48:34'),
(57, 20, 120, '12136116000720211218145655_2028056254_20220103171844.webp', '2022-01-03 05:18:44', '2022-01-03 11:48:44'),
(58, 20, 120, '1188188001720211218150028_614754151_20220103171844.webp', '2022-01-03 05:18:44', '2022-01-03 11:48:44'),
(59, 20, 120, '11130719404020211217122601_861515489_20220103171844.webp', '2022-01-03 05:18:44', '2022-01-03 11:48:44'),
(60, 20, 120, '11152017401520211218103405_1366566040_20220103171844.webp', '2022-01-03 05:18:44', '2022-01-03 11:48:44'),
(61, 20, 120, '11182295097320211218145835_786510428_20220103171844.webp', '2022-01-03 05:18:44', '2022-01-03 11:48:44'),
(62, 20, 120, '126330389720211217122601_357144895_20220103171844.webp', '2022-01-03 05:18:44', '2022-01-03 11:48:44'),
(63, 20, 120, '1281509605720211218145835_2118343800_20220103171844.webp', '2022-01-03 05:18:44', '2022-01-03 11:48:44'),
(64, 20, 120, '12118371945420211218150028_702117289_20220103171844.webp', '2022-01-03 05:18:44', '2022-01-03 11:48:44'),
(65, 1, 44, '1432379762020211218103405_1801057478_20220103171853.webp', '2022-01-03 05:18:53', '2022-01-03 11:48:53'),
(66, 1, 44, '12203827263220211218103405_1287174472_20220103171853.webp', '2022-01-03 05:18:53', '2022-01-03 11:48:53'),
(67, 1, 44, '1378727922420211218150028_2024382853_20220103171853.webp', '2022-01-03 05:18:53', '2022-01-03 11:48:53'),
(68, 1, 44, '13175073391220211218145835_321640615_20220103171853.webp', '2022-01-03 05:18:53', '2022-01-03 11:48:53'),
(69, 1, 44, '13191555771120211218103405_1634062172_20220103171853.webp', '2022-01-03 05:18:53', '2022-01-03 11:48:53'),
(70, 1, 44, '13205900046920211217122620_89402221_20220103171853.webp', '2022-01-03 05:18:53', '2022-01-03 11:48:53'),
(71, 1, 44, '13211865987520211218145655_265579004_20220103171853.webp', '2022-01-03 05:18:53', '2022-01-03 11:48:53'),
(72, 1, 44, '148331848320211218145655_381895148_20220103171853.webp', '2022-01-03 05:18:53', '2022-01-03 11:48:53'),
(73, 1, 51, '1630137818220211218150029_876339032_20220103171902.webp', '2022-01-03 05:19:02', '2022-01-03 11:49:02'),
(74, 1, 51, '1464529075620211218145835_1626416801_20220103171902.webp', '2022-01-03 05:19:02', '2022-01-03 11:49:02'),
(75, 1, 51, '1469841331820211218150028_2023567005_20220103171902.webp', '2022-01-03 05:19:02', '2022-01-03 11:49:02'),
(76, 1, 51, '14132443397620211217122620_264071367_20220103171902.webp', '2022-01-03 05:19:02', '2022-01-03 11:49:02'),
(77, 1, 51, '15473486420211218150028_1360290508_20220103171902.webp', '2022-01-03 05:19:02', '2022-01-03 11:49:02'),
(78, 1, 51, '1537767161320211217122620_1421488360_20220103171902.webp', '2022-01-03 05:19:02', '2022-01-03 11:49:02'),
(79, 1, 51, '1580387468020211218145655_545705523_20220103171902.webp', '2022-01-03 05:19:02', '2022-01-03 11:49:02'),
(80, 1, 51, '15163307676020211218103405_838265316_20220103171902.webp', '2022-01-03 05:19:02', '2022-01-03 11:49:02'),
(81, 8, 62, '1891512372220211217122620_724665793_20220103171910.webp', '2022-01-03 05:19:10', '2022-01-03 11:49:10'),
(82, 8, 62, '16112612798520211217121753_1211298007_20220103171910.webp', '2022-01-03 05:19:10', '2022-01-03 11:49:10'),
(83, 8, 62, '16193971198520211217122620_388165135_20220103171910.webp', '2022-01-03 05:19:10', '2022-01-03 11:49:10'),
(84, 8, 62, '16202615199020211218103416_923457860_20220103171910.webp', '2022-01-03 05:19:10', '2022-01-03 11:49:10'),
(85, 8, 62, '1750922521320211217121753_1448442010_20220103171910.webp', '2022-01-03 05:19:10', '2022-01-03 11:49:10'),
(86, 8, 62, '17166226623620211217122620_1312117678_20220103171910.webp', '2022-01-03 05:19:10', '2022-01-03 11:49:10'),
(87, 8, 62, '18634739520211218150029_2066021927_20220103171910.webp', '2022-01-03 05:19:10', '2022-01-03 11:49:10'),
(88, 8, 62, '1826002695620211218103416_1864834668_20220103171910.webp', '2022-01-03 05:19:10', '2022-01-03 11:49:10'),
(89, 7, 155, '2079117188220211217121753_513267876_20220103171923.webp', '2022-01-03 05:19:23', '2022-01-03 11:49:23'),
(90, 7, 155, '2197024540220211218103416_1878631796_20220103171923.webp', '2022-01-03 05:19:23', '2022-01-03 11:49:23'),
(91, 7, 155, '21102648084920211217121753_634325973_20220103171923.webp', '2022-01-03 05:19:23', '2022-01-03 11:49:23'),
(92, 7, 155, '2238058092420211217121753_978048180_20220103171923.webp', '2022-01-03 05:19:23', '2022-01-03 11:49:23'),
(93, 7, 155, '2266308206820211218103416_39737525_20220103171923.webp', '2022-01-03 05:19:23', '2022-01-03 11:49:23'),
(94, 7, 155, '23165266015920211217121753_1360417273_20220103171923.webp', '2022-01-03 05:19:23', '2022-01-03 11:49:23'),
(95, 7, 155, '2494022217120211218103416_1959788573_20220103171923.webp', '2022-01-03 05:19:23', '2022-01-03 11:49:23'),
(96, 7, 155, '24195253454120211217121753_2463290_20220103171923.webp', '2022-01-03 05:19:23', '2022-01-03 11:49:23'),
(97, 7, 155, '2546828672920211218103416_946902125_20220103171923.webp', '2022-01-03 05:19:23', '2022-01-03 11:49:23'),
(98, 7, 155, '18114895790620211217121753_969029254_20220103171923.webp', '2022-01-03 05:19:23', '2022-01-03 11:49:23'),
(99, 7, 155, '1957534242720211217122620_801825865_20220103171923.webp', '2022-01-03 05:19:23', '2022-01-03 11:49:23'),
(100, 7, 155, '1987977986220211218103416_1569680099_20220103171923.webp', '2022-01-03 05:19:23', '2022-01-03 11:49:23'),
(101, 7, 155, '1989789921920211217121753_1521750328_20220103171923.webp', '2022-01-03 05:19:23', '2022-01-03 11:49:24'),
(102, 7, 155, '19150375520120211218150029_619614276_20220103171923.webp', '2022-01-03 05:19:23', '2022-01-03 11:49:24'),
(103, 7, 155, '2026448030020211218103416_938081243_20220103171923.webp', '2022-01-03 05:19:23', '2022-01-03 11:49:24'),
(104, 7, 155, '2073126659920211218150029_594985996_20220103171923.webp', '2022-01-03 05:19:23', '2022-01-03 11:49:24'),
(105, 5, 34, 'Sticker16174032486520211218183052_1167785265_20220103171940.webp', '2022-01-03 05:19:40', '2022-01-03 11:49:40'),
(106, 5, 34, '25176213158220211217121753_2010093899_20220103171940.webp', '2022-01-03 05:19:40', '2022-01-03 11:49:40'),
(107, 5, 34, '2687782116820211218103416_1879795299_20220103171940.webp', '2022-01-03 05:19:40', '2022-01-03 11:49:40'),
(108, 5, 34, '27187758978420211218103416_1151614368_20220103171940.webp', '2022-01-03 05:19:40', '2022-01-03 11:49:40'),
(109, 5, 34, '28121262078320211218103416_960585793_20220103171940.webp', '2022-01-03 05:19:40', '2022-01-03 11:49:40'),
(110, 5, 34, '2993303683120211218103416_856607686_20220103171940.webp', '2022-01-03 05:19:40', '2022-01-03 11:49:40'),
(111, 5, 34, '3039875329520211218103416_1430162367_20220103171940.webp', '2022-01-03 05:19:40', '2022-01-03 11:49:40'),
(112, 5, 34, 'Sticker01188292512620211218183052_1771065617_20220103171940.webp', '2022-01-03 05:19:40', '2022-01-03 11:49:40'),
(113, 5, 34, 'Sticker02168984064420211218183052_708473196_20220103171940.webp', '2022-01-03 05:19:40', '2022-01-03 11:49:40'),
(114, 5, 34, 'Sticker0399824989220211218183052_1309993753_20220103171940.webp', '2022-01-03 05:19:40', '2022-01-03 11:49:40'),
(115, 5, 34, 'Sticker04162950479620211218183052_1508589510_20220103171940.webp', '2022-01-03 05:19:40', '2022-01-03 11:49:40'),
(116, 5, 34, 'Sticker05181235963120211218183052_274514973_20220103171940.webp', '2022-01-03 05:19:40', '2022-01-03 11:49:40'),
(117, 5, 34, 'Sticker0699449790220211218183052_1410835341_20220103171940.webp', '2022-01-03 05:19:40', '2022-01-03 11:49:40'),
(118, 5, 34, 'Sticker0726114459320211218183052_1167608820_20220103171940.webp', '2022-01-03 05:19:40', '2022-01-03 11:49:40'),
(119, 5, 34, 'Sticker0875889801220211218183052_1818362857_20220103171940.webp', '2022-01-03 05:19:40', '2022-01-03 11:49:40'),
(120, 5, 34, 'Sticker0972459691720211218183052_1994033108_20220103171940.webp', '2022-01-03 05:19:40', '2022-01-03 11:49:40'),
(121, 5, 34, 'Sticker1097872495620211218183052_433449808_20220103171940.webp', '2022-01-03 05:19:40', '2022-01-03 11:49:40'),
(122, 5, 34, 'Sticker115921629020211218183052_824565291_20220103171940.webp', '2022-01-03 05:19:40', '2022-01-03 11:49:40'),
(123, 5, 34, 'Sticker1242666633120211218183052_737391857_20220103171940.webp', '2022-01-03 05:19:40', '2022-01-03 11:49:40'),
(124, 5, 34, 'Sticker13110851920520211218183052_1009851230_20220103171940.webp', '2022-01-03 05:19:40', '2022-01-03 11:49:40'),
(125, 5, 36, 'Sticker04162950479620211218183052_1431922683_20220103171950.webp', '2022-01-03 05:19:50', '2022-01-03 11:49:50'),
(126, 5, 36, '25176213158220211217121753_287823613_20220103171950.webp', '2022-01-03 05:19:50', '2022-01-03 11:49:50'),
(127, 5, 36, '2687782116820211218103416_1497600823_20220103171950.webp', '2022-01-03 05:19:50', '2022-01-03 11:49:50'),
(128, 5, 36, '27187758978420211218103416_294218800_20220103171950.webp', '2022-01-03 05:19:50', '2022-01-03 11:49:50'),
(129, 5, 36, '28121262078320211218103416_771365286_20220103171950.webp', '2022-01-03 05:19:50', '2022-01-03 11:49:50'),
(130, 5, 36, '2993303683120211218103416_1137697458_20220103171950.webp', '2022-01-03 05:19:50', '2022-01-03 11:49:50'),
(131, 5, 36, '3039875329520211218103416_1284156189_20220103171950.webp', '2022-01-03 05:19:50', '2022-01-03 11:49:50'),
(132, 5, 36, 'Sticker01188292512620211218183052_805247864_20220103171950.webp', '2022-01-03 05:19:50', '2022-01-03 11:49:50'),
(133, 5, 36, 'Sticker02168984064420211218183052_437501331_20220103171950.webp', '2022-01-03 05:19:50', '2022-01-03 11:49:50'),
(134, 5, 36, 'Sticker0399824989220211218183052_228849553_20220103171950.webp', '2022-01-03 05:19:50', '2022-01-03 11:49:50'),
(135, 1, 56, 'Sticker05181235963120211218183052_1175675121_20220103171959.webp', '2022-01-03 05:19:59', '2022-01-03 11:49:59'),
(136, 1, 56, 'Sticker0699449790220211218183052_290242980_20220103171959.webp', '2022-01-03 05:19:59', '2022-01-03 11:49:59'),
(137, 1, 56, 'Sticker0726114459320211218183052_1380342410_20220103171959.webp', '2022-01-03 05:19:59', '2022-01-03 11:49:59'),
(138, 1, 56, 'Sticker0875889801220211218183052_1770257363_20220103171959.webp', '2022-01-03 05:19:59', '2022-01-03 11:49:59'),
(139, 1, 56, 'Sticker0972459691720211218183052_958453582_20220103171959.webp', '2022-01-03 05:19:59', '2022-01-03 11:49:59'),
(140, 1, 56, 'Sticker1097872495620211218183052_2098884903_20220103171959.webp', '2022-01-03 05:19:59', '2022-01-03 11:49:59'),
(141, 1, 56, 'Sticker115921629020211218183052_924462838_20220103171959.webp', '2022-01-03 05:19:59', '2022-01-03 11:49:59'),
(142, 1, 56, 'Sticker1242666633120211218183052_1796073270_20220103171959.webp', '2022-01-03 05:19:59', '2022-01-03 11:49:59'),
(143, 1, 56, 'Sticker13110851920520211218183052_2067335612_20220103171959.webp', '2022-01-03 05:19:59', '2022-01-03 11:49:59'),
(144, 1, 56, 'Sticker1425164181820211218183052_1129855024_20220103171959.webp', '2022-01-03 05:19:59', '2022-01-03 11:49:59'),
(145, 1, 56, 'Sticker15135760134320211218183052_984844098_20220103171959.webp', '2022-01-03 05:19:59', '2022-01-03 11:49:59'),
(146, 1, 56, 'Sticker16174032486520211218183052_816468900_20220103171959.webp', '2022-01-03 05:19:59', '2022-01-03 11:49:59');

-- --------------------------------------------------------

--
-- Table structure for table `tbl_sub_category`
--

CREATE TABLE `tbl_sub_category` (
  `id` int(11) NOT NULL,
  `category_id` int(11) NOT NULL,
  `sub_cate_name` text NOT NULL,
  `sub_cate_image` text NOT NULL,
  `sub_cate_tray_image` text NOT NULL,
  `is_animated` varchar(10) NOT NULL DEFAULT 'NO' COMMENT 'YES | NO',
  `is_active` varchar(10) NOT NULL DEFAULT 'YES' COMMENT 'YES || NO',
  `created_date` datetime NOT NULL,
  `updated_date` timestamp NOT NULL DEFAULT current_timestamp() ON UPDATE current_timestamp()
) ENGINE=InnoDB DEFAULT CHARSET=latin1;

--
-- Dumping data for table `tbl_sub_category`
--

INSERT INTO `tbl_sub_category` (`id`, `category_id`, `sub_cate_name`, `sub_cate_image`, `sub_cate_tray_image`, `is_animated`, `is_active`, `created_date`, `updated_date`) VALUES
(1, 6, 'Baby Cow', 'babycow_1058863394_20190301000900.png', 'babycow_154365815_20190301000900.png', 'NO', 'YES', '2019-03-01 12:09:00', '2019-02-28 18:39:00'),
(2, 6, 'Bear', 'Bear_1408842253_20190301001050.png', 'Bear_1793439761_20190301001050.png', 'NO', 'YES', '2019-03-01 12:10:50', '2019-02-28 18:40:50'),
(3, 6, 'Crocodile', 'crocodile_854783805_20190301001119.png', 'crocodile_1177819192_20190301001119.png', 'NO', 'YES', '2019-03-01 12:11:19', '2019-02-28 18:41:19'),
(4, 6, 'Monkey', 'monkey_400375992_20190301001211.png', 'monkey_1853982670_20190301001211.png', 'NO', 'YES', '2019-03-01 12:12:11', '2019-02-28 18:42:11'),
(5, 6, 'Pig', 'pig_1813609228_20190301001323.png', 'pig_1643985829_20190301001323.png', 'NO', 'YES', '2019-03-01 12:13:23', '2019-02-28 18:43:23'),
(6, 3, 'Audi', 'audi_689697844_20190301001404.png', 'audi_243166417_20190301001404.png', 'NO', 'YES', '2019-03-01 12:14:04', '2019-02-28 18:44:04'),
(7, 3, 'Bike Lover', 'bikelover_2116584832_20190301001430.png', 'bikelover_2059411869_20190301001430.png', 'NO', 'YES', '2019-03-01 12:14:30', '2022-01-18 04:31:43'),
(8, 3, 'BMW Lover', 'bmw_984443226_20190301001536.png', 'bmw_973201262_20190301001536.png', 'NO', 'YES', '2019-03-01 12:15:36', '2019-02-28 18:45:36'),
(9, 3, 'Car Lover', 'carlove_2050684338_20190301001559.png', 'carlove_1082215323_20190301001559.png', 'NO', 'YES', '2019-03-01 12:15:59', '2022-01-18 04:31:43'),
(10, 3, 'Ferrari', 'ferrari_1766409307_20190301001633.png', 'ferrari_1963457722_20190301001633.png', 'NO', 'YES', '2019-03-01 12:16:33', '2019-02-28 18:46:33'),
(11, 3, 'Harley Davidson', 'harleydavidson_722202295_20190301001704.png', 'harleydavidson_108684928_20190301001704.png', 'NO', 'YES', '2019-03-01 12:17:04', '2019-02-28 18:47:04'),
(12, 3, 'Hot Car', 'hotcar_503785317_20190301001723.png', 'hotcar_152706870_20190301001723.png', 'NO', 'YES', '2019-03-01 12:17:23', '2019-02-28 18:47:23'),
(13, 3, 'Mercedes', 'mercedes_1703533684_20190301001756.png', 'mercedes_1669850323_20190301001756.png', 'NO', 'YES', '2019-03-01 12:17:56', '2019-02-28 18:47:56'),
(14, 3, 'Racing Car', 'racingcar_640348758_20190301001817.png', 'racingcar_973021805_20190301001817.png', 'NO', 'YES', '2019-03-01 12:18:17', '2019-02-28 18:48:17'),
(15, 3, 'Talking Car', 'talkingcar_819668503_20190301001837.png', 'talkingcar_46440212_20190301001837.png', 'NO', 'YES', '2019-03-01 12:18:37', '2022-01-18 04:31:43'),
(16, 3, 'Bullet Lover', 'thunderbird_217823558_20190301001924.png', 'thunderbird_547966077_20190301001924.png', 'NO', 'YES', '2019-03-01 12:19:24', '2019-02-28 18:49:24'),
(17, 4, 'Cat Emoji', 'catemoji_1369159561_20190301002025.png', 'catemoji_1327304798_20190301002025.png', 'NO', 'YES', '2019-03-01 12:20:25', '2019-02-28 18:50:25'),
(18, 4, 'Cute Emoji', 'cuteemoji_43495269_20190301004121.png', 'cuteemojis_1077874477_20190301004121.png', 'NO', 'YES', '2019-03-01 12:41:21', '2019-02-28 19:11:21'),
(19, 4, 'Drink Emoji', 'drink_325641926_20190301004138.png', 'drinkemoji_2139290245_20190301004138.png', 'NO', 'YES', '2019-03-01 12:41:38', '2019-02-28 19:11:38'),
(20, 4, 'Expression', 'expression_1151785634_20190301004203.png', 'expression_9179408_20190301004203.png', 'NO', 'YES', '2019-03-01 12:42:03', '2019-02-28 19:12:03'),
(21, 4, 'Face Emoji', 'FACEEMOJI_1941307947_20190301004220.png', 'FACEEMOJI_1570975335_20190301004220.png', 'NO', 'YES', '2019-03-01 12:42:20', '2019-02-28 19:12:20'),
(22, 4, 'Funny Emoji', 'funnyemoji_783101432_20190301004238.png', 'funnyemoji_1226695435_20190301004238.png', 'NO', 'YES', '2019-03-01 12:42:38', '2022-01-18 04:31:43'),
(23, 4, 'Heart Emoji', 'heartemoji_949397244_20190301004257.png', 'heartemoji_1411749200_20190301004257.png', 'NO', 'YES', '2019-03-01 12:42:57', '2019-02-28 19:12:57'),
(24, 4, 'Puppy Kiss', 'puppykiss_1262740778_20190301004318.png', 'puppyemoji_910118003_20190301004318.png', 'NO', 'YES', '2019-03-01 12:43:18', '2019-02-28 19:13:18'),
(25, 7, 'Santa Banta', 'Cristmas_119868143_20190301004642.png', 'santa-bant-tray-icon_1489995779_20211218185301.png', 'NO', 'YES', '2019-03-01 12:46:42', '2021-12-18 13:23:01'),
(26, 7, 'Kites Day', 'KitesDay_1805131359_20190301004659.png', 'KitesDay_1097051335_20190301004659.png', 'NO', 'YES', '2019-03-01 12:46:59', '2019-02-28 19:16:59'),
(27, 7, 'NewYear', 'NewYear_1364429200_20190301005025.png', 'NewYear_350962465_20190301005025.png', 'NO', 'YES', '2019-03-01 12:50:25', '2019-02-28 19:20:25'),
(28, 7, 'Raksha Bandhan', 'tray_929715149_20191228175220.png', 'tray_1547515995_20191228175220.png', 'NO', 'YES', '2019-03-01 12:50:41', '2019-12-28 12:22:20'),
(29, 5, 'Baby Monkey', 'babymonkey_167395203_20190301005135.png', 'babymonkey_392030737_20190301005135.png', 'NO', 'YES', '2019-03-01 12:51:35', '2019-02-28 19:21:35'),
(30, 5, 'Baby Ghost', 'babyghost_1544399411_20190301005215.png', 'babyGhost_1643795303_20190301005215.png', 'NO', 'YES', '2019-03-01 12:52:15', '2022-01-18 04:31:43'),
(31, 5, 'Black Beuty', 'blackwomen_1065942316_20190301010553.png', 'blackface_1213566031_20190301010553.png', 'NO', 'YES', '2019-03-01 01:05:53', '2019-02-28 19:35:53'),
(32, 5, 'Funny Duck', 'funnyduck_1740786219_20190301010616.png', 'funnyduck_1478206060_20190301010616.png', 'NO', 'YES', '2019-03-01 01:06:16', '2019-02-28 19:36:16'),
(33, 5, 'Funny Face', 'funnyface_279603537_20190301010638.png', 'funnyface_1911737603_20190301010638.png', 'NO', 'YES', '2019-03-01 01:06:38', '2019-02-28 19:36:38'),
(34, 5, 'Funny Glass', 'funnyglass_2058852401_20190301011142.png', 'funnyglass_2094680062_20190301011142.png', 'NO', 'YES', '2019-03-01 01:11:42', '2019-02-28 19:41:42'),
(35, 5, 'Funny Meme', 'funnymeme_1302726168_20190301011211.png', 'funnymeme_391993508_20190301011211.png', 'NO', 'YES', '2019-03-01 01:12:11', '2019-02-28 19:42:11'),
(36, 5, 'Snow Man', 'snowman_1471150383_20190301011239.png', 'snowman_2033476005_20190301011239.png', 'NO', 'YES', '2019-03-01 01:12:39', '2019-02-28 19:42:39'),
(37, 5, 'Funny Heart', 'funnyheart_681346985_20190301011258.png', 'funnyheart_1802854838_20190301011258.png', 'NO', 'YES', '2019-03-01 01:12:58', '2022-01-18 04:31:43'),
(38, 5, 'Funny Hen', 'funnyhen_457083266_20190301011451.png', 'funnyhen_159197055_20190301011451.png', 'NO', 'YES', '2019-03-01 01:14:51', '2019-02-28 19:44:51'),
(39, 2, 'Animal Love', 'animallove_1798566183_20190301011718.png', 'animallove_387424401_20190301011718.png', 'NO', 'YES', '2019-03-01 01:17:18', '2019-02-28 19:47:18'),
(40, 2, 'Cute Pet', 'cutepet_2097317982_20190301011737.png', 'cutepet_1988891197_20190301011737.png', 'NO', 'YES', '2019-03-01 01:17:37', '2019-02-28 19:47:37'),
(41, 2, 'Jungle World', 'jungleworld_797942_20190301012002.png', 'jungleworld_1249923656_20190301012002.png', 'NO', 'YES', '2019-03-01 01:18:01', '2022-01-18 04:31:43'),
(42, 2, 'Nature Love', 'naturelove_1471230450_20190301011831.png', 'naturelove_228910621_20190301011831.png', 'NO', 'YES', '2019-03-01 01:18:31', '2022-01-18 04:31:43'),
(43, 2, 'Sad Animal', 'sadanimal_1609350072_20190301011852.png', 'sadanimal_1089369035_20190301011852.png', 'NO', 'YES', '2019-03-01 01:18:52', '2019-02-28 19:48:52'),
(44, 1, 'Love in Air', 'airlove_1991162283_20190301012052.png', 'airlove_592753558_20190301012052.png', 'NO', 'YES', '2019-03-01 01:20:52', '2022-01-18 04:31:43'),
(45, 1, 'Couple in Love', 'coupleinlove_801839180_20190301012118.png', 'coupleinlove_427084437_20190301012226.png', 'NO', 'YES', '2019-03-01 01:21:18', '2019-02-28 19:52:26'),
(46, 1, 'Couple ToGether', 'coupletogether_929232733_20190301012344.png', 'coupletogether_757502693_20190301012344.png', 'NO', 'YES', '2019-03-01 01:23:44', '2022-01-18 04:31:43'),
(47, 1, 'Deep Love', 'deeplove_1910330094_20190301012403.png', 'deeplove_1757380207_20190301012403.png', 'NO', 'YES', '2019-03-01 01:24:03', '2022-01-18 04:31:43'),
(48, 1, 'Far Love', 'farlove_1349008829_20190301012551.png', 'farlove_964346241_20190301012551.png', 'NO', 'YES', '2019-03-01 01:25:51', '2022-01-18 04:31:43'),
(49, 1, 'Hal E Dil', 'HALEDIL_1451944453_20190301012616.png', 'HALEDIL_1315548918_20190301012616.png', 'NO', 'YES', '2019-03-01 01:26:15', '2022-01-18 04:31:43'),
(50, 1, 'Love Bird', 'lovebird_124886800_20190301012640.png', 'lovebird_50135421_20190301012640.png', 'NO', 'YES', '2019-03-01 01:26:40', '2019-02-28 19:56:40'),
(51, 1, 'Love Forever', 'loveforever_5736693_20190301012700.png', 'loveforever_1180210693_20190301012700.png', 'NO', 'YES', '2019-03-01 01:27:00', '2022-01-18 04:31:43'),
(52, 1, 'Love is Life', 'loveislife_773041927_20190301012723.png', 'loveislife_1447152029_20190301012723.png', 'NO', 'YES', '2019-03-01 01:27:23', '2022-01-18 04:31:43'),
(53, 1, 'Love Line', 'loveline_526276972_20190301012748.png', 'loveline_610095898_20190301012748.png', 'NO', 'YES', '2019-03-01 01:27:48', '2022-01-18 04:31:43'),
(54, 1, 'Love Stuck', 'lovestucks_1805095886_20190301012817.png', 'lovestuck_424498102_20190301012817.png', 'NO', 'YES', '2019-03-01 01:28:17', '2022-01-18 04:31:43'),
(55, 1, 'Love Propose', 'lovepropose_1808194759_20190301012902.png', 'proposelove_671683531_20190301012902.png', 'NO', 'YES', '2019-03-01 01:29:02', '2019-02-28 19:59:02'),
(56, 1, 'Just Merried', 'tray_1330416565_20191228184759.png', 'tray_1977966019_20191228184759.png', 'NO', 'YES', '2019-03-01 01:29:54', '2019-12-28 13:17:59'),
(57, 1, 'Miss You', 'missyou_1650381855_20190301013055.png', 'missyou_1534231573_20190301013055.png', 'NO', 'YES', '2019-03-01 01:30:55', '2019-02-28 20:00:55'),
(58, 1, 'Valentine Love', 'valentinelove_203342009_20190301013125.png', 'valentinelove_1633444301_20190301013125.png', 'NO', 'YES', '2019-03-01 01:31:25', '2019-02-28 20:01:25'),
(59, 1, 'wedding season', 'weddingseason_1981841636_20190301013148.png', 'weddingseason_1842209925_20190301013148.png', 'NO', 'YES', '2019-03-01 01:31:48', '2019-02-28 20:01:48'),
(60, 8, 'Anniversary', 'anniversary_593650312_20190301013342.png', 'anniversary_784611140_20190301013342.png', 'NO', 'YES', '2019-03-01 01:33:42', '2019-02-28 20:03:42'),
(61, 8, 'Birthday', 'birthday_910941506_20190301013414.png', 'birthday_1510483876_20190301013414.png', 'NO', 'YES', '2019-03-01 01:34:14', '2019-02-28 20:04:14'),
(62, 8, 'Morning', 'morning_706508482_20190301013432.png', 'morning_1439103469_20190301013432.png', 'NO', 'YES', '2019-03-01 01:34:32', '2019-02-28 20:04:32'),
(63, 8, 'Thank You', 'thankyou_75765014_20190301013454.png', 'thakyou_1808136374_20190301013454.png', 'NO', 'YES', '2019-03-01 01:34:54', '2019-02-28 20:04:54'),
(64, 8, 'Wedding', 'wedding_1519217346_20190301013511.png', 'wedding_746122383_20190301013511.png', 'NO', 'YES', '2019-03-01 01:35:11', '2019-02-28 20:05:11'),
(65, 10, 'Burger', 'burger_1598329618_20190301021808.png', 'burger_439670756_20190301021808.png', 'NO', 'YES', '2019-03-01 02:18:08', '2019-02-28 20:48:08'),
(66, 10, 'Chocolate', 'chocolate_215580649_20190301021824.png', 'chocolate_1181824415_20190301021824.png', 'NO', 'YES', '2019-03-01 02:18:24', '2019-02-28 20:48:24'),
(67, 10, 'Cofee', 'Coffe_759858428_20190301021846.png', 'Coffe_185193651_20190301021846.png', 'NO', 'YES', '2019-03-01 02:18:46', '2019-02-28 20:48:46'),
(68, 10, 'Dessert', 'dessert_144874826_20190301021905.png', 'dessert_2125317994_20190301022006.png', 'NO', 'YES', '2019-03-01 02:19:05', '2019-02-28 20:50:06'),
(69, 10, 'Ice Cream', 'IceCream_317029085_20190301021933.png', 'iCeCream_1326543960_20190301021933.png', 'NO', 'YES', '2019-03-01 02:19:33', '2019-02-28 20:49:33'),
(70, 10, 'Juice', 'Juice_27325578_20190301022027.png', 'Juice_238013939_20190301022027.png', 'NO', 'YES', '2019-03-01 02:20:27', '2019-02-28 20:50:27'),
(71, 8, 'Good Night', 'GoodNight_1526483578_20190301055725.png', 'GoodNight_518509867_20190301055725.png', 'NO', 'YES', '2019-03-01 05:57:25', '2019-03-01 00:27:25'),
(72, 11, 'Chhota Bheem', 'chhotabheem_185512901_20190301231431.png', 'chhotabheem_69345591_20190301231431.png', 'NO', 'YES', '2019-03-01 11:14:30', '2019-03-01 17:44:31'),
(73, 11, 'Doraemon', 'doraemon_609278294_20190301231449.png', 'doraemon_1318252262_20190301231450.png', 'NO', 'YES', '2019-03-01 11:14:49', '2019-03-01 17:44:50'),
(74, 11, 'Looney Tunes', 'looneytunes_2043954425_20190301231727.png', 'looneytunes_1843129595_20190301231727.png', 'NO', 'YES', '2019-03-01 11:15:06', '2019-03-01 17:47:27'),
(75, 11, 'Motu Patlu', 'motupatlu_364851487_20190301231534.png', 'motupatlu_281685168_20190301231534.png', 'NO', 'YES', '2019-03-01 11:15:34', '2019-03-01 17:45:34'),
(76, 11, 'Panda', 'panda_80894342_20190301231904.png', 'panda_816049167_20190301231904.png', 'NO', 'YES', '2019-03-01 11:19:04', '2019-03-01 17:49:04'),
(77, 11, 'Scooby Fdoo', 'scoobyfdoo_1987677941_20190301231930.png', 'scoobyfdoo_1705351688_20190301231930.png', 'NO', 'YES', '2019-03-01 11:19:30', '2019-03-01 17:49:30'),
(78, 11, 'Super Power', 'superpower_1832945965_20190301232141.png', 'superpower_226584389_20190301232141.png', 'NO', 'YES', '2019-03-01 11:21:41', '2019-03-01 17:51:41'),
(79, 11, 'Tom &  Jerry', 'tom&jerry_1575685901_20190301232207.png', 'tom&jerry_1391126042_20190301232207.png', 'NO', 'YES', '2019-03-01 11:22:07', '2019-03-01 17:52:07'),
(80, 13, 'Basket Ball', 'basketball_873090600_20190302001104.png', 'basketball_288123116_20190302001104.png', 'NO', 'YES', '2019-03-02 12:11:04', '2019-03-01 18:41:04'),
(81, 13, 'Cricket', 'cricket_694795156_20190302001119.png', 'cricket_128025402_20190302001256.png', 'NO', 'YES', '2019-03-02 12:11:19', '2019-03-01 18:42:56'),
(82, 13, 'Foot Ball', 'football_1122555046_20190302001144.png', 'football_107737927_20190302001144.png', 'NO', 'YES', '2019-03-02 12:11:44', '2019-03-01 18:41:44'),
(83, 13, 'Kabaddi', 'kabaddi_208591398_20190302001203.png', 'kabaddi_1621995729_20190302001203.png', 'NO', 'YES', '2019-03-02 12:12:03', '2019-03-01 18:42:03'),
(84, 13, 'Yoga', 'yoga_1288966955_20190302001222.png', 'yoga_919344159_20190302001222.png', 'NO', 'YES', '2019-03-02 12:12:22', '2019-03-01 18:42:22'),
(85, 12, 'Donald Trump', 'donaldtrump_1482086096_20190302002836.png', 'donaldtrump_1393717334_20190302002836.png', 'NO', 'YES', '2019-03-02 12:28:35', '2019-03-01 18:58:36'),
(86, 12, 'Jinping', 'jinping_1281007337_20190302002859.png', 'jinping_1243263511_20190302002859.png', 'NO', 'YES', '2019-03-02 12:28:59', '2019-03-01 18:58:59'),
(87, 12, 'Kim Jong', 'kimjong_1590632696_20190302002924.png', 'kimjong_1179915406_20190302002924.png', 'NO', 'YES', '2019-03-02 12:29:24', '2019-03-01 18:59:24'),
(88, 12, 'Narendra Modi', 'narendramodi_1331520982_20190302002944.png', 'narendramodi_1832815808_20190302002944.png', 'NO', 'YES', '2019-03-02 12:29:44', '2019-03-01 18:59:44'),
(89, 12, 'Putin', 'putin_1319739874_20190302003223.png', 'putin_500055040_20190302003223.png', 'NO', 'YES', '2019-03-02 12:32:23', '2019-03-01 19:02:23'),
(90, 12, 'Rahul Gandhi', 'rahulgandhi_572001365_20190302003326.png', 'rahulgandhi_2062348815_20190302003326.png', 'NO', 'YES', '2019-03-02 12:33:26', '2019-03-01 19:03:26'),
(91, 9, 'Tamil', 'tamil_200357318_20190302015717.png', 'Tamil_1922386787_20190302020909.png', 'NO', 'YES', '2019-03-02 01:57:17', '2019-03-01 20:39:09'),
(92, 1, 'Talking Love', 'talkingLove_158526378_20190302020720.png', 'talkinglove_291058661_20190302020720.png', 'NO', 'YES', '2019-03-02 02:07:20', '2019-03-01 20:37:20'),
(93, 9, 'Hollywood', 'tray_1394624136_20191228165841.png', 'tray_2032623445_20191228165841.png', 'NO', 'YES', '2019-12-28 04:58:41', '2019-12-28 11:28:41'),
(94, 9, 'Bollywood', 'tray_1864569464_20191228165956.png', 'tray_1985613954_20191228165956.png', 'NO', 'YES', '2019-12-28 04:59:56', '2019-12-28 11:29:56'),
(95, 9, 'Tollywood', 'tray_238567811_20191228170329.png', 'tray_1028480517_20191228170329.png', 'NO', 'YES', '2019-12-28 05:03:29', '2019-12-28 11:33:29'),
(96, 7, 'Holi', 'tray_48816809_20191228174615.png', 'tray_445844960_20191228174615.png', 'NO', 'YES', '2019-12-28 05:46:15', '2019-12-28 12:16:15'),
(97, 1, 'Together', 'tray_1161444568_20191230104426.png', 'tray_1382298341_20191230104426.png', 'NO', 'YES', '2019-12-30 10:44:26', '2022-01-18 04:31:43'),
(98, 7, '2020', 'trayimage-2_1266596423_20191230152738.png', 'trayimage-2_716865714_20191230152738.png', 'NO', 'YES', '2021-12-20 03:31:04', '2021-12-20 10:01:04'),
(99, 8, 'Republic Day', 'tray-icon_333214164_20200125161546.png', 'tray-icon_791186562_20200125161546.png', 'NO', 'YES', '2020-01-25 04:15:46', '2020-01-25 10:45:46'),
(100, 14, 'Chattung', '96_2071871783_20201019170251.png', '96_1217299653_20201019170251.png', 'NO', 'YES', '2020-10-19 05:02:51', '2020-10-19 11:32:51'),
(101, 15, 'Bumble Talking', '96_1395540252_20201019173003.png', '', 'NO', 'YES', '2020-10-19 05:30:03', '2020-10-19 12:03:57'),
(102, 15, 'Fuzzy', '96_444478131_20201019180318.png', '96_995108994_20201019180318.png', 'NO', 'YES', '2020-10-19 06:03:18', '2020-10-19 12:33:18'),
(103, 15, 'Red Man', '96_1745047210_20201019180405.png', '96_1965464307_20201019180405.png', 'NO', 'YES', '2020-10-19 06:04:05', '2020-10-19 12:34:05'),
(104, 15, 'Angle Comic', '96_1237186585_20201019180557.png', '96_365580794_20201019180557.png', 'NO', 'YES', '2020-10-19 06:05:57', '2020-10-19 12:35:57'),
(105, 15, 'White man', '96_247286920_20201019180651.png', '96_1148789229_20201019180651.png', 'NO', 'YES', '2020-10-19 06:06:51', '2020-10-19 12:36:51'),
(106, 16, 'Birthday Bash', '1_happy_bitrhday_617669450_20210306111415.png', 'happy_bitrhday_1642439733_20210306111416.png', 'NO', 'YES', '2021-03-06 11:14:15', '2021-03-06 05:44:16'),
(107, 7, 'Holi Bash', 'holisub_1998770889_20210306112925.png', 'holi_stick_tray_568956587_20210306112925.png', 'NO', 'YES', '2021-03-06 11:29:25', '2021-03-06 05:59:25'),
(108, 15, 'Talking Bobly', '01_379552849_20211012122804.png', 'tray-icon_438951501_20211012122804.png', 'YES', 'YES', '2021-10-12 11:48:53', '2022-01-18 04:31:43'),
(109, 17, 'Angela Babe', '01_1023513468_20211012151457.png', 'tray-icon_953137293_20211012151457.png', 'NO', 'YES', '2021-10-12 03:14:57', '2021-10-12 09:44:57'),
(110, 17, 'Darin Cute Girl', '17_195832703_20211012152319.png', 'tray-icon_451911244_20211012152319.png', 'NO', 'YES', '2021-10-12 03:23:19', '2021-10-12 09:53:19'),
(111, 17, 'Lazy Girl', 'sticker-23_2144181850_20211012152440.png', 'tray-icon_149781135_20211012152440.png', 'NO', 'YES', '2021-10-12 03:24:40', '2021-10-12 09:54:40'),
(112, 17, 'Marine Sexy wife', '02_129678443_20211012152602.png', 'tray-icon_1073212296_20211012152602.png', 'NO', 'YES', '2021-10-12 03:26:02', '2021-10-12 09:56:02'),
(113, 17, 'Peak Working Girl', '11_133810057_20211012152733.png', 'tray-icon_319746800_20211012152733.png', 'NO', 'YES', '2021-10-12 03:27:33', '2021-10-12 09:57:33'),
(114, 17, 'Ploy Cute Girl', '30_1588229120_20211012152831.png', 'tray-icon_281938581_20211012152831.png', 'NO', 'YES', '2021-10-12 03:28:30', '2021-10-12 09:58:31'),
(115, 17, 'Yuri Sexy Girl', '23_1748363186_20211012152940.png', 'tray-icon_1834108696_20211012152940.png', 'NO', 'YES', '2021-10-12 03:29:40', '2021-10-12 09:59:40'),
(116, 18, 'Bear Guy', '04_779753417_20211012153226.png', 'tray-icon_1179718511_20211012153226.png', 'NO', 'YES', '2021-10-12 03:32:26', '2021-10-12 10:02:26'),
(117, 18, 'Beefy Guy', '17_209352779_20211012153328.png', 'tray-icon_576943195_20211012153328.png', 'NO', 'YES', '2021-10-12 03:33:28', '2021-10-12 10:03:28'),
(118, 19, 'Diljit Josi', '11_67845430_20211012153458.png', 'tray-icon_1021492267_20211012153458.png', 'NO', 'YES', '2021-10-12 03:34:58', '2021-10-12 10:04:58'),
(119, 1, 'Story Together', '07_247189677_20211012153703.png', 'tray-icon_1967418417_20211012153703.png', 'NO', 'YES', '2021-10-12 03:37:03', '2021-10-12 10:07:03'),
(120, 20, 'Barbie in Black', '11_1566587396_20211012154609.png', 'tray-icon_318678469_20211012154609.png', 'NO', 'YES', '2021-10-12 03:46:09', '2021-10-12 10:16:09'),
(121, 20, 'Black Jack', '18_85377983_20211012154654.png', 'tray-icon_1688165615_20211012154654.png', 'NO', 'YES', '2021-10-12 03:46:54', '2021-10-12 10:16:54'),
(122, 20, 'Boby Cat', '040_1201066502_20211012154745.png', 'tray-icon_1961524836_20211012154745.png', 'NO', 'YES', '2021-10-12 03:47:45', '2021-10-12 10:17:45'),
(123, 20, 'Doraemon Alon', '26_945313780_20211012154828.png', 'tray-icon_2131222697_20211012154828.png', 'NO', 'YES', '2021-10-12 03:48:28', '2021-10-12 10:18:28'),
(124, 20, 'Gudetama', '02_1179994915_20211012154910.png', 'tray-icon_279696836_20211012154910.png', 'NO', 'YES', '2021-10-12 03:49:10', '2021-10-12 10:19:10'),
(125, 20, 'Hapidanbui', '02_1293438486_20211012154943.png', 'tray-icon_686653317_20211012154943.png', 'NO', 'YES', '2021-10-12 03:49:43', '2021-10-12 10:19:43'),
(126, 20, 'Kerokero Keroppi', '30_133270081_20211012155053.png', 'tray-icon_642776199_20211012155053.png', 'NO', 'YES', '2021-10-12 03:50:53', '2021-10-12 10:20:53'),
(127, 20, 'Melody Love', '30_244421222_20211012155138.png', 'tray-icon_1065933476_20211012155138.png', 'NO', 'YES', '2021-10-12 03:51:38', '2021-10-12 10:21:38'),
(128, 20, 'Minomi Choco', '04_862787773_20211012155218.png', 'tray-icon_569000722_20211012155218.png', 'NO', 'YES', '2021-10-12 03:52:18', '2021-10-12 10:22:18'),
(129, 20, 'Motivational Miffy', '01_1241267653_20211012155255.png', 'tray-icon_473005404_20211012155255.png', 'NO', 'YES', '2021-10-12 03:52:55', '2021-10-12 10:22:55'),
(130, 20, 'Sanrio Cheer', '30_540363162_20211012155331.png', 'tray-icon_630746149_20211012155331.png', 'NO', 'YES', '2021-10-12 03:53:31', '2021-10-12 10:23:31'),
(131, 20, 'Unna with BROWN', '23_1916194931_20211012155404.png', 'tray-icon_295296897_20211012155404.png', 'NO', 'YES', '2021-10-12 03:54:04', '2021-10-12 10:24:04'),
(132, 21, 'Blubie Tom', 'sub-cat-icon_1816435737_20211012182310.png', 'tray-icon_542036020_20211012182310.png', 'YES', 'YES', '2021-10-12 06:23:10', '2021-10-12 12:53:10'),
(133, 21, 'Funny Tom', 'sub-cat-icon_1872529997_20211012182409.png', 'tray-icon_656811019_20211012182409.png', 'YES', 'YES', '2021-10-12 06:24:09', '2021-10-12 12:54:09'),
(134, 21, 'Jurrly Tom', 'sub-cat-icon_765396304_20211012182452.png', 'tray-icon_1386251902_20211012182452.png', 'YES', 'YES', '2021-10-12 06:24:52', '2021-10-12 12:54:52'),
(135, 21, 'Talking Tom', 'sub-cat-icon_1905386486_20211012184211.png', 'tray-icon_2077743253_20211012184211.png', 'YES', 'YES', '2021-10-12 06:42:11', '2021-10-12 13:12:11'),
(136, 21, 'Yellow Cat', 'sub-cat-icon_1011795480_20211012185120.png', 'tray-icon_1550429372_20211012185120.png', 'YES', 'YES', '2021-10-12 06:51:20', '2021-10-12 13:21:20'),
(137, 22, 'Behid The Love', 'sub-cat-icon_1668137849_20211013111555.png', 'tray-icon_890681569_20211013111555.png', 'YES', 'YES', '2021-10-13 11:15:55', '2021-10-13 05:45:55'),
(138, 22, 'Just The Love', 'sub-cat-icon_1654976156_20211013112812.png', 'tray-icon_1636433526_20211013112812.png', 'YES', 'YES', '2021-10-13 11:28:12', '2021-10-13 05:58:12'),
(139, 22, 'Love Bite', 'sub-cat-icon_2131698791_20211013112912.png', 'tray-icon_356183824_20211013112912.png', 'YES', 'YES', '2021-10-13 11:29:12', '2021-10-13 05:59:12'),
(140, 22, 'Lover Boy', 'sub-cat-icon_1525974015_20211013113100.png', 'tray-icon_891160749_20211013113100.png', 'YES', 'YES', '2021-10-13 11:31:00', '2021-10-13 06:01:00'),
(141, 22, 'Romantic Hug', 'sub-cat-icon_2023277149_20211013113208.png', 'tray-icon_762576563_20211013113208.png', 'YES', 'YES', '2021-10-13 11:32:08', '2021-10-13 06:02:08'),
(142, 22, 'Talking Love Babe', 'sub-cat-icon_1405525173_20211013113333.png', 'tray-icon_917495740_20211013113333.png', 'YES', 'YES', '2021-10-13 11:33:33', '2021-10-13 06:03:33'),
(143, 22, 'You And Me', 'sub-cat-icon_1618712510_20211013113609.png', 'tray-icon_1919918007_20211013113609.png', 'YES', 'YES', '2021-10-13 11:36:09', '2021-10-13 06:06:09'),
(144, 20, 'Bobly Morning', 'sub-cat-icon_1280611887_20211013114232.png', 'tray-icon_586340823_20211013114232.png', 'YES', 'YES', '2021-10-13 11:42:32', '2021-10-13 06:12:32'),
(145, 20, 'Cute Mimi', 'sub-cat-icon_1513383356_20211013114342.png', 'tray-icon_1241458166_20211013114342.png', 'YES', 'YES', '2021-10-13 11:43:42', '2021-10-13 06:13:42'),
(146, 20, 'Jadu', 'sub-cat-icon_518219901_20211013114436.png', 'tray-icon_1516424349_20211013114436.png', 'YES', 'YES', '2021-10-13 11:44:36', '2021-10-13 06:14:36'),
(147, 20, 'Glady Tick', 'sub-cat-icon_1522374140_20211013114615.png', 'tray-icon_1930236662_20211013114615.png', 'YES', 'YES', '2021-10-13 11:46:15', '2022-01-18 04:31:43'),
(148, 20, 'Tomy Tow', 'sub-cat-icon_176859055_20211013114741.png', 'tray-icon_1841006324_20211013114741.png', 'YES', 'YES', '2021-10-13 11:47:41', '2022-01-18 04:31:43'),
(149, 20, 'Simple Tipti', 'sub-cat-icon_964147304_20211013114904.png', 'tray-icon_200281087_20211013114904.png', 'YES', 'YES', '2021-10-13 11:49:03', '2021-10-13 06:19:04'),
(150, 7, 'Marry Crismistmas', '01_1405721771_20211217115847.png', 'tray_1258491272_20211217115847.png', 'NO', 'YES', '2021-12-17 11:26:12', '2021-12-17 06:28:47'),
(151, 7, 'Secret Santa', 'sub-cat-icon-01_1260009695_20211218185328.png', 'secerate-santa-tray-icon_1010280061_20211218185328.png', 'NO', 'YES', '2021-12-17 12:03:59', '2021-12-18 13:23:28'),
(152, 7, 'Christmas Tree', 'subcat-icon_1400170245_20211217121428.png', 'tray_1410112501_20211217121428.png', 'NO', 'YES', '2021-12-17 12:14:28', '2021-12-17 06:44:28'),
(153, 7, 'Christmas Wish', 'subcat-icon_1375978086_20211217122534.png', 'tray_1035041630_20211217122534.png', 'NO', 'YES', '2021-12-17 12:25:34', '2021-12-17 06:55:34'),
(154, 7, 'Christmas Gift', 'subcat-icon_684657052_20211217122827.png', 'tray_690329520_20211217122827.png', 'NO', 'YES', '2021-12-17 12:28:27', '2021-12-17 06:58:27'),
(155, 7, '2022 Whishes', 'subcat-icon_353060463_20211218145618.png', 'tray_84187803_20211218145618.png', 'NO', 'YES', '2021-12-18 02:56:18', '2021-12-18 09:26:18'),
(156, 7, 'Happy New Year', 'subcat-icon_1885427950_20211218145822.png', 'tray_2045809450_20211218145822.png', 'NO', 'YES', '2021-12-18 02:58:22', '2021-12-18 09:28:22'),
(157, 7, 'New Year Whishes', 'subcat-icon_956560267_20211218150007.png', 'tray_618544933_20211218150007.png', 'NO', 'YES', '2021-12-18 03:00:07', '2021-12-18 09:30:07'),
(158, 7, 'Marry Crismistmass', 'subcat-icon_1860310402_20211218164532.png', 'icon_16357978_20211218164532.png', 'YES', 'YES', '2021-12-18 04:45:32', '2021-12-18 11:15:32'),
(159, 7, 'Crismistmas Santa', 'subcat-icon_444339190_20211218175044.jpg', 'icon_803983694_20211218175044.png', 'YES', 'YES', '2021-12-18 05:50:44', '2021-12-18 12:20:44'),
(160, 7, 'Santa Baby', '01_961060572_20211218175917.png', 'tray_60261124_20211218183403.png', 'YES', 'YES', '2021-12-18 05:59:17', '2021-12-18 13:04:03'),
(161, 7, 'Santa Gift', 'subcat-icon_1525276191_20211218180756.png', 'tray_275793384_20211218183326.png', 'NO', 'YES', '2021-12-18 06:07:56', '2021-12-18 13:03:26'),
(162, 23, 'Happy New Year', 'subcat-icon_977875446_20211230180850.png', 'icon_75843568_20211230180850.png', 'YES', 'YES', '2021-12-30 06:08:50', '2021-12-30 12:38:50'),
(163, 23, 'Welcome 2022', 'subcat-icon_607207185_20211230180916.png', 'icon_1464369715_20211230180916.png', 'YES', 'YES', '2021-12-30 06:09:16', '2021-12-30 12:39:16'),
(164, 23, 'New Year 2022', 'subcat-icon_53322725_20211230180939.png', 'icon_780511204_20211230180939.png', 'YES', 'YES', '2021-12-30 06:09:39', '2021-12-30 12:39:39'),
(165, 23, 'New Year Wishes', 'subcat-icon_2017510836_20211230181112.png', 'icon_565147137_20211230181112.png', 'YES', 'YES', '2021-12-30 06:11:12', '2021-12-30 12:41:12'),
(166, 23, '2022 Wishes', 'subcat-icon_1591394658_20211230181133.png', 'icon_1121435133_20211230182111.png', 'YES', 'YES', '2021-12-30 06:11:33', '2021-12-30 12:51:11'),
(167, 23, 'Happy New Year Wishes ', 'subcat-icon_1638099457_20211230181206.png', 'icon_181256588_20211230181206.png', 'YES', 'YES', '2021-12-30 06:12:06', '2021-12-30 12:42:06');

--
-- Indexes for dumped tables
--

--
-- Indexes for table `tbl_admin`
--
ALTER TABLE `tbl_admin`
  ADD PRIMARY KEY (`id`);

--
-- Indexes for table `tbl_category`
--
ALTER TABLE `tbl_category`
  ADD PRIMARY KEY (`id`);

--
-- Indexes for table `tbl_slider`
--
ALTER TABLE `tbl_slider`
  ADD PRIMARY KEY (`id`);

--
-- Indexes for table `tbl_sticker_animated`
--
ALTER TABLE `tbl_sticker_animated`
  ADD PRIMARY KEY (`id`);

--
-- Indexes for table `tbl_sticker_webp`
--
ALTER TABLE `tbl_sticker_webp`
  ADD PRIMARY KEY (`id`);

--
-- Indexes for table `tbl_sub_category`
--
ALTER TABLE `tbl_sub_category`
  ADD PRIMARY KEY (`id`);

--
-- AUTO_INCREMENT for dumped tables
--

--
-- AUTO_INCREMENT for table `tbl_admin`
--
ALTER TABLE `tbl_admin`
  MODIFY `id` int(11) NOT NULL AUTO_INCREMENT, AUTO_INCREMENT=2;

--
-- AUTO_INCREMENT for table `tbl_category`
--
ALTER TABLE `tbl_category`
  MODIFY `id` int(11) NOT NULL AUTO_INCREMENT, AUTO_INCREMENT=24;

--
-- AUTO_INCREMENT for table `tbl_slider`
--
ALTER TABLE `tbl_slider`
  MODIFY `id` int(11) NOT NULL AUTO_INCREMENT, AUTO_INCREMENT=7;

--
-- AUTO_INCREMENT for table `tbl_sticker_animated`
--
ALTER TABLE `tbl_sticker_animated`
  MODIFY `id` int(11) NOT NULL AUTO_INCREMENT, AUTO_INCREMENT=58;

--
-- AUTO_INCREMENT for table `tbl_sticker_webp`
--
ALTER TABLE `tbl_sticker_webp`
  MODIFY `id` int(11) NOT NULL AUTO_INCREMENT, AUTO_INCREMENT=147;

--
-- AUTO_INCREMENT for table `tbl_sub_category`
--
ALTER TABLE `tbl_sub_category`
  MODIFY `id` int(11) NOT NULL AUTO_INCREMENT, AUTO_INCREMENT=168;
COMMIT;

/*!40101 SET CHARACTER_SET_CLIENT=@OLD_CHARACTER_SET_CLIENT */;
/*!40101 SET CHARACTER_SET_RESULTS=@OLD_CHARACTER_SET_RESULTS */;
/*!40101 SET COLLATION_CONNECTION=@OLD_COLLATION_CONNECTION */;
